title,source,reservoir_name,country,annual_sedimentation_rate,sand_fraction
Sedimentation and its effect on storage capacity in Naghlu reservoir,E3S Web of Conferences,Naghlu Dam,Afghanistan,0.83%,
Stochastic Modelling of Reservoir Sedimentation in a Semi-Arid Watershed,WATER RESOURCES MANAGEMENT,Sidi Yacoub Reservoir,Algeria,0.64%,
Comparison of methods for estimating reservoir sedimentation,RBRH-REVISTA BRASILEIRA DE RECURSOS HIDRICOS,Pimental HPP Reservoir,Brazil,3.67%,44.00%
Loss of reservoir volume by sediment deposition and its impact on water availability in semiarid Brazil,Hydrological Sciences Journal ,Ceará,Brazil,2.00%,
Implementation of comparative detection approaches for the accurate assessment of sediment thickness and sediment volume in the Passaúna Reservoir,JOURNAL OF ENVIRONMENTAL MANAGEMENT,Passaúna,Brazil,0.15%,
"Cost-Effectiveness of Soil and Water Conservation Measures on the Catchment Sediment Budget–The Laaba Watershed Case Study, Burkina Faso",land degradation & development,Laaba reservoir,Burkina Faso,0.45%,
Examining Storage Capacity Loss and Sedimentation Rate of Large Reservoirs in the Central U.S. Great Plains,Water,,Central Europe,0.51%,
"Impacts of dams on the sediment flux of the Pearl River, southern China",CATENA,Guanlu,China,8.00%,
The Application of a Multi-Beam Echo-Sounder in the Analysis of the Sedimentation Situation of a Large Reservoir after an Earthquake,Water,Zipingpu Reservoir,China,3.82%,
"Impacts of dams on the sediment flux of the Pearl River, southern China",CATENA,Bianyang,China,3.75%,
Detection of Sediment Trends Using Wavelet Transforms in the Upper Indus River,Water,Warsak dam,China,3.33%,
"Impacts of dams on the sediment flux of the Pearl River, southern China",CATENA,Xiangshuiba,China,2.95%,
Impact of climate change and vegetation greening on sediment transport in the Yarlung Tsangpo River,CATENA,Nuxia station Yarlung Tsangpo River,China,2.55%,
Impact of climate change and vegetation greening on sediment transport in the Yarlung Tsangpo River,CATENA,Lazi station Yarlung Tsangpo River,China,2.37%,
Assessing reservoir sedimentation in river with heavy sediment load,RIVER FLOW 2016,Dongzhuang Reservoir,China,2.33%,
3D numerical modelling of asynchronous propagation characteristics of flood and sediment peaks in three gorges reservoir,Journal of Hydrology,,China,2.30%,
Problems of reservoir sedimentation in China,Chinese Geographical Science,,China,2.30%,
"Impacts of dams on the sediment flux of the Pearl River, southern China",CATENA,Lubuge,China,2.04%,
Sedimentation in the Manwan reservoir in the Upper Mekong and its downstream impacts,Quaternary International,Manwan Dam,China,2.00%,
An assessment of long-term overtopping risk and optimal termination time of dam under climate change,Journal of Environmental Management,Shihmen Reservoir,China,1.67%,
"Impacts of dams on the sediment flux of the Pearl River, southern China",CATENA,Chengbihe,China,1.56%,
"Impacts of dams on the sediment flux of the Pearl River, southern China",CATENA,Baidonghu,China,1.32%,
"Sedimentation and its response to management strategies of the Three Gorges Reservoir, Yangtze River, China",CATENA,Xiaolangdi,China,1.26%,
Study on Sedimentation Characteristics and Reduction Measures of Bajiazui Reservoir,IOP Conference Series: Earth and Environmental Science,Bajiazui Reservoir,China,1.25%,
Experimental study with hydraulic modeling of a reservoir desilting operation using a sediment bypass tunnel,ENVIRONMENTAL EARTH SCIENCES,,China,1.19%,
A review of sedimentation rates in freshwater reservoirs: recent changes and causative factors,Aquatic Sciences,,China,1.17%,
Cumulative sediment trapping by reservoirs in large river basins: A case study of the Yellow River basin,Global and Planetary Change,Yellow River basin,China,0.60%,
"Impacts of dams on the sediment flux of the Pearl River, southern China",CATENA,Changhu,China,0.59%,
"Impacts of dams on the sediment flux of the Pearl River, southern China",CATENA,Xijin,China,0.50%,
"Impacts of dams on the sediment flux of the Pearl River, southern China",CATENA,Heshui,China,0.46%,
"Changing temporal and spatial patterns of fluvial sedimentation in Three Gorges Reservoir, Yangtze River, China",Arabian Journal of Geosciences,Three Gorges Reservoir,China,0.37%,
"Impacts of dams on the sediment flux of the Pearl River, southern China",CATENA,Mashi,China,0.32%,
"Sedimentation and its response to management strategies of the Three Gorges Reservoir, Yangtze River, China",CATENA,TGR,China,0.26%,
A review of sedimentation rates in freshwater reservoirs: recent changes and causative factors,Aquatic Sciences,,China,0.21%,
"Sedimentation and its response to management strategies of the Three Gorges Reservoir, Yangtze River, China",CATENA,Powell,China,0.14%,
"Sedimentation and its response to management strategies of the Three Gorges Reservoir, Yangtze River, China",CATENA,Mead,China,0.11%,
"Sedimentation and its response to management strategies of the Three Gorges Reservoir, Yangtze River, China",CATENA,Danjiangkou,China,0.11%,
"Impacts of dams on the sediment flux of the Pearl River, southern China",CATENA,Fengshuba,China,0.07%,
"Impacts of dams on the sediment flux of the Pearl River, southern China",CATENA,Xinfengjiang,China,0.04%,
"Impacts of dams on the sediment flux of the Pearl River, southern China",CATENA,Nanshui,China,0.04%,
"Evaluation of reservoir sedimentation using bathymetry survey: a case study on Adebra night storage reservoir, Ethiopia",APPLIED WATER SCIENCE,Adebra Night Storage Reservoir,Ethiopia,3.10%,
Reservoir sedimentation and its mitigating strategies: a case study of Angereb reservoir (NW Ethiopia),JOURNAL OF SOILS AND SEDIMENTS,Angereb Reservoir,Ethiopia,3.10%,
Reservoir sedimentation evaluation using remote sensing and GIS approaches for the reservoirs in the upper Blue Nile Basin,SUSTAINABLE WATER RESOURCES MANAGEMENT,Shina,Ethiopia,2.53%,42.00%
Reservoir sedimentation evaluation using remote sensing and GIS approaches for the reservoirs in the upper Blue Nile Basin,SUSTAINABLE WATER RESOURCES MANAGEMENT,Selamko,Ethiopia,2.13%,23.00%
"Reservoir sedimentation and estimating dam storage capacity using bathymetry survey: a case study of Abrajit Dam, Upper Blue Nile basin, Ethiopia",APPLIED GEOMATICS,Abrajit Reservoir,Ethiopia,1.66%,
Impact of reservoir construction on the sediment budget of a downstream-linked freshwater lake,HYDROLOGICAL SCIENCES JOURNAL,Reservoirs upstream of Lake Tana,Ethiopia,1.42%,
"Identification and prioritization of subwatersheds for land and water management in Tekeze dam watershed, Northern Ethiopia",International Soil and Water Conservation Research,Tekeze dam,Ethiopia,0.82%,
"Drivers, Impacts and Mitigation of Increased Sedimentation in the Hydropower Reservoirs of East Africa",Land,,Ethiopia,0.52%,
"Assessment of sediment yield and accumulation in reservoir: The case of Gibe One Reservoir, Southwestern Ethiopia",HELIYON,Gibe One,Ethiopia,0.44%,
Reservoir sedimentation evaluation using remote sensing and GIS approaches for the reservoirs in the upper Blue Nile Basin,SUSTAINABLE WATER RESOURCES MANAGEMENT,Koga,Ethiopia,0.33%,9.60%
"Reservoir Conservation in a Micro-Watershed in Tigray, Ethiopian Highlands",Sustainability,Adizaboy reservoir,Ethiopia,0.32%,
A hybrid approach to evaluate sedimentation in large dams: case study of the Grand Ethiopian Renaissance Dam and Roseires Dam across the Blue Nile,Journal of Hydrology: Regional Studies,Grand Ethiopian Renaissance Dam,Ethiopia,0.28%,
"RESERVOIR SEDIMENTATION: CAUSES, EFFECTS AND MITIGATION","International Journal of Advanced Academic Research | Sciences, Technology and Engineerin",Burekese catchment,Ghana ,7.50%,
Assessment of reservoir sedimentation of irrigation dams in northern Ghana,Lake and Reservoir Management,Karni,Ghana,0.91%,18.20%
Assessment of reservoir sedimentation of irrigation dams in northern Ghana,Lake and Reservoir Management,Golinga,Ghana,0.77%,15.20%
Assessment of reservoir sedimentation of irrigation dams in northern Ghana,Lake and Reservoir Management,Libga,Ghana,0.76%,20.60%
Assessment of reservoir sedimentation of irrigation dams in northern Ghana,Lake and Reservoir Management,Daffiama,Ghana,0.75%,21.00%
Assessment of reservoir sedimentation of irrigation dams in northern Ghana,Lake and Reservoir Management,Sankana,Ghana,0.71%,18.20%
Assessment of reservoir sedimentation of irrigation dams in northern Ghana,Lake and Reservoir Management,Gambibgo,Ghana,0.61%,24.80%
Assessment of reservoir sedimentation of irrigation dams in northern Ghana,Lake and Reservoir Management,Vea,Ghana,0.35%,19.60%
Assessment of reservoir sedimentation of irrigation dams in northern Ghana,Lake and Reservoir Management,Bontanga,Ghana,0.32%,24.20%
Assessment of reservoir sedimentation of irrigation dams in northern Ghana,Lake and Reservoir Management,Tono,Ghana,0.26%,10.30%
"Sustainability evaluation of Mornos Lake/Reservoir, Greece",ENVIRONMENTAL MONITORING AND ASSESSMENT,Mornos,Greece,0.07%,
"Toward sustainable performance of reservoir sedimentation in aquatic environment of Katery lake, Tamil Nadu, India",INTERNATIONAL JOURNAL OF ENVIRONMENTAL SCIENCE AND TECHNOLOGY,Katery Lake,India,1.64%,
Simulating Reservoir Management under the Threat of Sedimentation: The Case of Tarbela Dam on the River Indus,Water Resources Management,Tarbela Dam,India,1.50%,
"Reservoir capacity loss and sedimentation assessment of Dholbaha dam located in Punjab, India using remote sensing and bathymetric survey techniques ",Water Practice and Technology,Dholbaha reservoir,India,0.85%,
Sedimentation-induced vulnerabilities of large reservoirs in India,Stochastic Environmental Research and Risk Assessment,,India,0.81%,
Evaluating reservoir capacity and sedimentation rates using geospatial technique: a case study of Chohal dam reservoir,Environmental Earth Sciences,Chohal dam reservoir,India,0.79%,
"Reservoir Sedimentation Assessment using Geospatial Technique: A Case Study of Saleran Reservoir, Northwest India",JOURNAL OF AGRICULTURAL ENGINEERING (INDIA),Saleran Reservoir,India,0.72%,
Sedimentation-induced vulnerabilities of large reservoirs in India,Stochastic Environmental Research and Risk Assessment,,India,0.49%,
Sedimentation-induced vulnerabilities of large reservoirs in India,Stochastic Environmental Research and Risk Assessment,,India,0.48%,
Sedimentation-induced vulnerabilities of large reservoirs in India,Stochastic Environmental Research and Risk Assessment,,India,0.47%,
Assessment of Sedimentation in the Reservoir—A Case Study,Lecture Notes in Civil Engineering,Chulliyar Reservoir,India,0.47%,
Sediment Yield Estimation and Reservoir Sedimentation Assessment Using Geospatial Tools: A Case Study of Tehri Dam Reservoir,Lecture Notes in Civil Engineering,Tehri Dam Reservoir,India,0.46%,
"Use of electrical resistivity method to quantify accumulated sediments in Wellington reservoir, India",GEOSCIENCES JOURNAL,Wellington Reservoir,India,0.44%,
Assessment of sedimentation status and trap efficiency of Wyra reservoir,ISH Journal of Hydraulic Engineering,,India ,0.44%,
Reservoir Sedimentation. In: Recent Advances in Dam Engineering. pp 265–288,Recent Advances in Dam Engineering,,India ,0.44%,
Sediment distribution and its impacts on Hirakud Reservoir (India) storage capacity,"Lakes & Reservoirs: Science, Policy and Management for Sustainable Use",Hirakud Reservoir,India,0.44%,
Analysing Mega Flood Event in the Tapi Basin: A Framework for Sustainable Reservoir Sediment Management,JOURNAL OF THE INDIAN SOCIETY OF REMOTE SENSING,Ukai Reservoir,India,0.42%,8.00%
Sedimentation-induced vulnerabilities of large reservoirs in India,Stochastic Environmental Research and Risk Assessment,,India,0.42%,
Sedimentation-induced vulnerabilities of large reservoirs in India,Stochastic Environmental Research and Risk Assessment,,India,0.41%,
"Assessment of Reservoir Sedimentation and Identification of Critical Soil Erosion Zone in Kodar Reservoir Watershed of Chhattisgarh State, India",APPLICATIONS OF GEOMATICS IN CIVIL ENGINEERING,Kodar Reservoir,India,0.40%,
Sedimentation-induced vulnerabilities of large reservoirs in India,Stochastic Environmental Research and Risk Assessment,,India,0.40%,
"Assessment of reservoir sedimentation and identification of critical soil erosion zone in Kodar reservoir watershed of Chhattisgarh state, India",Applications in Gematics in Civil Engineering,Kodar reservoir,India,0.40%,
Assessment of sedimentation in harakud reservoir using digital remote sensing technique,Journal of the Indian Society of Remote Sensing,harakud reservoir,India,0.38%,
ROLE OF SAR DATA IN WATER BODY MAPPING AND RESERVOIR SEDIMENTATION ASSESSMENT,ISPRS TC V MID-TERM SYMPOSIUM GEOSPATIAL TECHNOLOGY - PIXEL TO PEOPLE,Ghataprabha Reservoir,India,0.32%,
Longitudinal Sediment Profiling and Capacity Lost in Reservoir Using Multidate Sentinel-2 Images,JOURNAL OF THE INDIAN SOCIETY OF REMOTE SENSING,Wellington Reservoir,India,0.30%,
"Assessment of reservoir sedimentation using remote sensing and recommendations for desilting Patratu Reservoir, India",HYDROLOGICAL SCIENCES JOURNAL-JOURNAL DES SCIENCES HYDROLOGIQUES,Patratu,India,0.27%,
"Assessment of reservoir sedimentation using remote sensing and recommendations for desilting Patratu Reservoir, India",Hydrological Sciences Journal,Patratu Reservoir,India,0.27%,
Reservoir Sedimentation Assessment Through Remote Sensing and Hydrological Modelling,JOURNAL OF THE INDIAN SOCIETY OF REMOTE SENSING,Jayakwadi Reservoir,India,0.26%,
Reservoir Sedimentation Assessment Through Remote Sensing and Hydrological Modelling,Journal of the Indian Society of Remote Sensin,Jayakwadi reservoir,India,0.26%,
"Gauging of Sedimentation in Idukki Reservoir, Kerala (1974-2019), and the Impact of 2018 Kerala Floods on the Reservoir",JOURNAL OF THE INDIAN SOCIETY OF REMOTE SENSING,Idukki Reservoir,India,0.26%,
"Assessment of Reservoir Sedimentation using RS and GIS techniques - A case study of Kabini Reservoir, Karnataka, India",International Research Journal of Engineering and Technology,Kabini Reservoir,India,0.13%,
Estimation of Sedimentation Rate of a Reservoir using Remote Sensing Data: a case study of Tehri Reservoir,International Journal of Latest Trends in Engineering and Technology,Tehri Reservoir,India,0.04%,
"Comparison between multi RUSLE-SDR models for estimation of reservoir sedimentation: a case study of Dokan Lake Basin, Iraq-Iran",ENVIRONMENTAL EARTH SCIENCES,Dokan Lake,Iraq,0.05%,
A USLE-based model with modified LS-factor combined with sediment delivery module for Alpine basins,CATENA,Rio di Pusteria Reservoir,Italy,7.65%,
LOSS OF WATER STORAGE CAPACITY OF RESERVOIRS IN SOUTHERN ITALY: ECONOMIC IMPLICANCES OF SEDIMENTATION,"Proceedings of the OECD Workshop on Agriculture and Water: Sustainability, Markets and Policies,Adelaide, Australia. 2005.",Rendina,Italy,4.61%,
LOSS OF WATER STORAGE CAPACITY OF RESERVOIRS IN SOUTHERN ITALY: ECONOMIC IMPLICANCES OF SEDIMENTATION,"Proceedings of the OECD Workshop on Agriculture and Water: Sustainability, Markets and Policies,Adelaide, Australia. 2005.",Cixerri,Italy,3.68%,
LOSS OF WATER STORAGE CAPACITY OF RESERVOIRS IN SOUTHERN ITALY: ECONOMIC IMPLICANCES OF SEDIMENTATION,"Proceedings of the OECD Workshop on Agriculture and Water: Sustainability, Markets and Policies,Adelaide, Australia. 2005.",Tavo,Italy,2.86%,
LOSS OF WATER STORAGE CAPACITY OF RESERVOIRS IN SOUTHERN ITALY: ECONOMIC IMPLICANCES OF SEDIMENTATION,"Proceedings of the OECD Workshop on Agriculture and Water: Sustainability, Markets and Policies,Adelaide, Australia. 2005.",Guardialfiera,Italy,2.59%,
LOSS OF WATER STORAGE CAPACITY OF RESERVOIRS IN SOUTHERN ITALY: ECONOMIC IMPLICANCES OF SEDIMENTATION,"Proceedings of the OECD Workshop on Agriculture and Water: Sustainability, Markets and Policies,Adelaide, Australia. 2005.",Farneto del Princ.,Italy,2.30%,
LOSS OF WATER STORAGE CAPACITY OF RESERVOIRS IN SOUTHERN ITALY: ECONOMIC IMPLICANCES OF SEDIMENTATION,"Proceedings of the OECD Workshop on Agriculture and Water: Sustainability, Markets and Policies,Adelaide, Australia. 2005.",Disueri,Italy,2.16%,
LOSS OF WATER STORAGE CAPACITY OF RESERVOIRS IN SOUTHERN ITALY: ECONOMIC IMPLICANCES OF SEDIMENTATION,"Proceedings of the OECD Workshop on Agriculture and Water: Sustainability, Markets and Policies,Adelaide, Australia. 2005.",Cogliandrino,Italy,2.13%,
LOSS OF WATER STORAGE CAPACITY OF RESERVOIRS IN SOUTHERN ITALY: ECONOMIC IMPLICANCES OF SEDIMENTATION,"Proceedings of the OECD Workshop on Agriculture and Water: Sustainability, Markets and Policies,Adelaide, Australia. 2005.",Ariamacina,Italy,2.02%,
Assessment of current reservoir sedimentation rate and storage capacity loss: An Italian overview,Journal of Environmental Management,Colombara,Italy,1.75%,
Assessment of current reservoir sedimentation rate and storage capacity loss: An Italian overview,Journal of Environmental Management,Fusino,Italy,1.65%,
Assessment of current reservoir sedimentation rate and storage capacity loss: An Italian overview,Journal of Environmental Management,Vodo,Italy,1.45%,
Assessment of current reservoir sedimentation rate and storage capacity loss: An Italian overview,Journal of Environmental Management,Tavernelle,Italy,1.36%,
Assessment of current reservoir sedimentation rate and storage capacity loss: An Italian overview,Journal of Environmental Management,Valle di Cadore,Italy,1.36%,
LOSS OF WATER STORAGE CAPACITY OF RESERVOIRS IN SOUTHERN ITALY: ECONOMIC IMPLICANCES OF SEDIMENTATION,"Proceedings of the OECD Workshop on Agriculture and Water: Sustainability, Markets and Policies,Adelaide, Australia. 2005.",Flumineddu,Italy,1.35%,
LOSS OF WATER STORAGE CAPACITY OF RESERVOIRS IN SOUTHERN ITALY: ECONOMIC IMPLICANCES OF SEDIMENTATION,"Proceedings of the OECD Workshop on Agriculture and Water: Sustainability, Markets and Policies,Adelaide, Australia. 2005.",Garcia,Italy,1.20%,
Assessment of current reservoir sedimentation rate and storage capacity loss: An Italian overview,Journal of Environmental Management,Quarto,Italy,1.19%,
Assessment of current reservoir sedimentation rate and storage capacity loss: An Italian overview,Journal of Environmental Management,San Lazzaro,Italy,1.17%,
LOSS OF WATER STORAGE CAPACITY OF RESERVOIRS IN SOUTHERN ITALY: ECONOMIC IMPLICANCES OF SEDIMENTATION,"Proceedings of the OECD Workshop on Agriculture and Water: Sustainability, Markets and Policies,Adelaide, Australia. 2005.",Monte Pranu,Italy,1.15%,
Assessment of current reservoir sedimentation rate and storage capacity loss: An Italian overview,Journal of Environmental Management,Ceppo Morelli,Italy,1.14%,
LOSS OF WATER STORAGE CAPACITY OF RESERVOIRS IN SOUTHERN ITALY: ECONOMIC IMPLICANCES OF SEDIMENTATION,"Proceedings of the OECD Workshop on Agriculture and Water: Sustainability, Markets and Policies,Adelaide, Australia. 2005.",Gammauta,Italy,1.14%,
LOSS OF WATER STORAGE CAPACITY OF RESERVOIRS IN SOUTHERN ITALY: ECONOMIC IMPLICANCES OF SEDIMENTATION,"Proceedings of the OECD Workshop on Agriculture and Water: Sustainability, Markets and Policies,Adelaide, Australia. 2005.",Occhito,Italy,1.11%,
Assessment of current reservoir sedimentation rate and storage capacity loss: An Italian overview,Journal of Environmental Management,La Penna,Italy,1.00%,
Assessment of current reservoir sedimentation rate and storage capacity loss: An Italian overview,Journal of Environmental Management,Boschi,Italy,0.97%,
LOSS OF WATER STORAGE CAPACITY OF RESERVOIRS IN SOUTHERN ITALY: ECONOMIC IMPLICANCES OF SEDIMENTATION,"Proceedings of the OECD Workshop on Agriculture and Water: Sustainability, Markets and Policies,Adelaide, Australia. 2005.",Benzone,Italy,0.97%,
Assessment of current reservoir sedimentation rate and storage capacity loss: An Italian overview,Journal of Environmental Management,Alanno,Italy,0.93%,
LOSS OF WATER STORAGE CAPACITY OF RESERVOIRS IN SOUTHERN ITALY: ECONOMIC IMPLICANCES OF SEDIMENTATION,"Proceedings of the OECD Workshop on Agriculture and Water: Sustainability, Markets and Policies,Adelaide, Australia. 2005.",Comunelli,Italy,0.90%,
LOSS OF WATER STORAGE CAPACITY OF RESERVOIRS IN SOUTHERN ITALY: ECONOMIC IMPLICANCES OF SEDIMENTATION,"Proceedings of the OECD Workshop on Agriculture and Water: Sustainability, Markets and Policies,Adelaide, Australia. 2005.",Conza,Italy,0.89%,
Assessment of current reservoir sedimentation rate and storage capacity loss: An Italian overview,Journal of Environmental Management,Dazarè,Italy,0.85%,
Assessment of current reservoir sedimentation rate and storage capacity loss: An Italian overview,Journal of Environmental Management,Ozola,Italy,0.83%,
Assessment of current reservoir sedimentation rate and storage capacity loss: An Italian overview,Journal of Environmental Management,Gammauta,Italy,0.81%,
LOSS OF WATER STORAGE CAPACITY OF RESERVOIRS IN SOUTHERN ITALY: ECONOMIC IMPLICANCES OF SEDIMENTATION,"Proceedings of the OECD Workshop on Agriculture and Water: Sustainability, Markets and Policies,Adelaide, Australia. 2005.",Cedrino,Italy,0.80%,
Assessment of current reservoir sedimentation rate and storage capacity loss: An Italian overview,Journal of Environmental Management,Roccasparvera,Italy,0.75%,
LOSS OF WATER STORAGE CAPACITY OF RESERVOIRS IN SOUTHERN ITALY: ECONOMIC IMPLICANCES OF SEDIMENTATION,"Proceedings of the OECD Workshop on Agriculture and Water: Sustainability, Markets and Policies,Adelaide, Australia. 2005.",Angitola,Italy,0.69%,
LOSS OF WATER STORAGE CAPACITY OF RESERVOIRS IN SOUTHERN ITALY: ECONOMIC IMPLICANCES OF SEDIMENTATION,"Proceedings of the OECD Workshop on Agriculture and Water: Sustainability, Markets and Policies,Adelaide, Australia. 2005.",Pozzillo,Italy,0.67%,
Assessment of current reservoir sedimentation rate and storage capacity loss: An Italian overview,Journal of Environmental Management,Pagnona,Italy,0.67%,
LOSS OF WATER STORAGE CAPACITY OF RESERVOIRS IN SOUTHERN ITALY: ECONOMIC IMPLICANCES OF SEDIMENTATION,"Proceedings of the OECD Workshop on Agriculture and Water: Sustainability, Markets and Policies,Adelaide, Australia. 2005.",Muro Lucano,Italy,0.65%,
LOSS OF WATER STORAGE CAPACITY OF RESERVOIRS IN SOUTHERN ITALY: ECONOMIC IMPLICANCES OF SEDIMENTATION,"Proceedings of the OECD Workshop on Agriculture and Water: Sustainability, Markets and Policies,Adelaide, Australia. 2005.",Pertusillo,Italy,0.65%,
LOSS OF WATER STORAGE CAPACITY OF RESERVOIRS IN SOUTHERN ITALY: ECONOMIC IMPLICANCES OF SEDIMENTATION,"Proceedings of the OECD Workshop on Agriculture and Water: Sustainability, Markets and Policies,Adelaide, Australia. 2005.",Cucchinadorza,Italy,0.64%,
Assessment of current reservoir sedimentation rate and storage capacity loss: An Italian overview,Journal of Environmental Management,Furlo,Italy,0.64%,
LOSS OF WATER STORAGE CAPACITY OF RESERVOIRS IN SOUTHERN ITALY: ECONOMIC IMPLICANCES OF SEDIMENTATION,"Proceedings of the OECD Workshop on Agriculture and Water: Sustainability, Markets and Policies,Adelaide, Australia. 2005.",Biviere di Ce.,Italy,0.63%,
Assessment of current reservoir sedimentation rate and storage capacity loss: An Italian overview,Journal of Environmental Management,Gurzia,Italy,0.59%,
Assessment of current reservoir sedimentation rate and storage capacity loss: An Italian overview,Journal of Environmental Management,La Stua,Italy,0.59%,
Assessment of current reservoir sedimentation rate and storage capacity loss: An Italian overview,Journal of Environmental Management,Pontefiume,Italy,0.58%,
Assessment of current reservoir sedimentation rate and storage capacity loss: An Italian overview,Journal of Environmental Management,Poglia,Italy,0.56%,
LOSS OF WATER STORAGE CAPACITY OF RESERVOIRS IN SOUTHERN ITALY: ECONOMIC IMPLICANCES OF SEDIMENTATION,"Proceedings of the OECD Workshop on Agriculture and Water: Sustainability, Markets and Policies,Adelaide, Australia. 2005.",Sinni,Italy,0.55%,
LOSS OF WATER STORAGE CAPACITY OF RESERVOIRS IN SOUTHERN ITALY: ECONOMIC IMPLICANCES OF SEDIMENTATION,"Proceedings of the OECD Workshop on Agriculture and Water: Sustainability, Markets and Policies,Adelaide, Australia. 2005.",Villarosa,Italy,0.53%,
LOSS OF WATER STORAGE CAPACITY OF RESERVOIRS IN SOUTHERN ITALY: ECONOMIC IMPLICANCES OF SEDIMENTATION,"Proceedings of the OECD Workshop on Agriculture and Water: Sustainability, Markets and Policies,Adelaide, Australia. 2005.",Santa Lucia,Italy,0.53%,
LOSS OF WATER STORAGE CAPACITY OF RESERVOIRS IN SOUTHERN ITALY: ECONOMIC IMPLICANCES OF SEDIMENTATION,"Proceedings of the OECD Workshop on Agriculture and Water: Sustainability, Markets and Policies,Adelaide, Australia. 2005.",Sciaguana,Italy,0.52%,
"An integrated approach for managing reservoir sedimentation, sediment transport and water supply: the case of Disueri dam, Italy",Journal of Soils and Sediments,Disueri reservoir,Italy,0.51%,
Assessment of current reservoir sedimentation rate and storage capacity loss: An Italian overview,Journal of Environmental Management,Rio Freddo,Italy,0.50%,
LOSS OF WATER STORAGE CAPACITY OF RESERVOIRS IN SOUTHERN ITALY: ECONOMIC IMPLICANCES OF SEDIMENTATION,"Proceedings of the OECD Workshop on Agriculture and Water: Sustainability, Markets and Policies,Adelaide, Australia. 2005.",Cimia,Italy,0.49%,
LOSS OF WATER STORAGE CAPACITY OF RESERVOIRS IN SOUTHERN ITALY: ECONOMIC IMPLICANCES OF SEDIMENTATION,"Proceedings of the OECD Workshop on Agriculture and Water: Sustainability, Markets and Policies,Adelaide, Australia. 2005.",Dirillo,Italy,0.49%,
LOSS OF WATER STORAGE CAPACITY OF RESERVOIRS IN SOUTHERN ITALY: ECONOMIC IMPLICANCES OF SEDIMENTATION,"Proceedings of the OECD Workshop on Agriculture and Water: Sustainability, Markets and Policies,Adelaide, Australia. 2005.",Castello(AG),Italy,0.48%,
Assessment of current reservoir sedimentation rate and storage capacity loss: An Italian overview,Journal of Environmental Management,Pontecosi,Italy,0.48%,
LOSS OF WATER STORAGE CAPACITY OF RESERVOIRS IN SOUTHERN ITALY: ECONOMIC IMPLICANCES OF SEDIMENTATION,"Proceedings of the OECD Workshop on Agriculture and Water: Sustainability, Markets and Policies,Adelaide, Australia. 2005.",San Giovanni,Italy,0.46%,
LOSS OF WATER STORAGE CAPACITY OF RESERVOIRS IN SOUTHERN ITALY: ECONOMIC IMPLICANCES OF SEDIMENTATION,"Proceedings of the OECD Workshop on Agriculture and Water: Sustainability, Markets and Policies,Adelaide, Australia. 2005.",Olivo,Italy,0.46%,
LOSS OF WATER STORAGE CAPACITY OF RESERVOIRS IN SOUTHERN ITALY: ECONOMIC IMPLICANCES OF SEDIMENTATION,"Proceedings of the OECD Workshop on Agriculture and Water: Sustainability, Markets and Policies,Adelaide, Australia. 2005.",Santa Rosalia,Italy,0.45%,
LOSS OF WATER STORAGE CAPACITY OF RESERVOIRS IN SOUTHERN ITALY: ECONOMIC IMPLICANCES OF SEDIMENTATION,"Proceedings of the OECD Workshop on Agriculture and Water: Sustainability, Markets and Policies,Adelaide, Australia. 2005.",Poma,Italy,0.44%,
LOSS OF WATER STORAGE CAPACITY OF RESERVOIRS IN SOUTHERN ITALY: ECONOMIC IMPLICANCES OF SEDIMENTATION,"Proceedings of the OECD Workshop on Agriculture and Water: Sustainability, Markets and Policies,Adelaide, Australia. 2005.",San Pietro,Italy,0.43%,
LOSS OF WATER STORAGE CAPACITY OF RESERVOIRS IN SOUTHERN ITALY: ECONOMIC IMPLICANCES OF SEDIMENTATION,"Proceedings of the OECD Workshop on Agriculture and Water: Sustainability, Markets and Policies,Adelaide, Australia. 2005.",Is Barrocus,Italy,0.42%,
Assessment of current reservoir sedimentation rate and storage capacity loss: An Italian overview,Journal of Environmental Management,Sciaguana,Italy,0.42%,
Assessment of current reservoir sedimentation rate and storage capacity loss: An Italian overview,Journal of Environmental Management,Panigai,Italy,0.42%,
Assessment of current reservoir sedimentation rate and storage capacity loss: An Italian overview,Journal of Environmental Management,Molato,Italy,0.41%,
LOSS OF WATER STORAGE CAPACITY OF RESERVOIRS IN SOUTHERN ITALY: ECONOMIC IMPLICANCES OF SEDIMENTATION,"Proceedings of the OECD Workshop on Agriculture and Water: Sustainability, Markets and Policies,Adelaide, Australia. 2005.",Arancio,Italy,0.41%,
LOSS OF WATER STORAGE CAPACITY OF RESERVOIRS IN SOUTHERN ITALY: ECONOMIC IMPLICANCES OF SEDIMENTATION,"Proceedings of the OECD Workshop on Agriculture and Water: Sustainability, Markets and Policies,Adelaide, Australia. 2005.",Trinita,Italy,0.39%,
Assessment of current reservoir sedimentation rate and storage capacity loss: An Italian overview,Journal of Environmental Management,Pieve di Cadore,Italy,0.39%,
LOSS OF WATER STORAGE CAPACITY OF RESERVOIRS IN SOUTHERN ITALY: ECONOMIC IMPLICANCES OF SEDIMENTATION,"Proceedings of the OECD Workshop on Agriculture and Water: Sustainability, Markets and Policies,Adelaide, Australia. 2005.",Aerenza,Italy,0.39%,
Assessment of current reservoir sedimentation rate and storage capacity loss: An Italian overview,Journal of Environmental Management,Casteldoria,Italy,0.37%,
Assessment of current reservoir sedimentation rate and storage capacity loss: An Italian overview,Journal of Environmental Management,Rimasco,Italy,0.35%,
Assessment of current reservoir sedimentation rate and storage capacity loss: An Italian overview,Journal of Environmental Management,Corfino,Italy,0.35%,
Assessment of current reservoir sedimentation rate and storage capacity loss: An Italian overview,Journal of Environmental Management,Ghirlo,Italy,0.33%,
Assessment of current reservoir sedimentation rate and storage capacity loss: An Italian overview,Journal of Environmental Management,Fontanaluccia,Italy,0.32%,
LOSS OF WATER STORAGE CAPACITY OF RESERVOIRS IN SOUTHERN ITALY: ECONOMIC IMPLICANCES OF SEDIMENTATION,"Proceedings of the OECD Workshop on Agriculture and Water: Sustainability, Markets and Policies,Adelaide, Australia. 2005.",Saetta,Italy,0.32%,
LOSS OF WATER STORAGE CAPACITY OF RESERVOIRS IN SOUTHERN ITALY: ECONOMIC IMPLICANCES OF SEDIMENTATION,"Proceedings of the OECD Workshop on Agriculture and Water: Sustainability, Markets and Policies,Adelaide, Australia. 2005.",Locone,Italy,0.32%,
LOSS OF WATER STORAGE CAPACITY OF RESERVOIRS IN SOUTHERN ITALY: ECONOMIC IMPLICANCES OF SEDIMENTATION,"Proceedings of the OECD Workshop on Agriculture and Water: Sustainability, Markets and Policies,Adelaide, Australia. 2005.",Liscia,Italy,0.32%,
Assessment of current reservoir sedimentation rate and storage capacity loss: An Italian overview,Journal of Environmental Management,Pozzillo,Italy,0.31%,
Assessment of current reservoir sedimentation rate and storage capacity loss: An Italian overview,Journal of Environmental Management,Verdiana,Italy,0.30%,
LOSS OF WATER STORAGE CAPACITY OF RESERVOIRS IN SOUTHERN ITALY: ECONOMIC IMPLICANCES OF SEDIMENTATION,"Proceedings of the OECD Workshop on Agriculture and Water: Sustainability, Markets and Policies,Adelaide, Australia. 2005.",Scanzano,Italy,0.30%,
LOSS OF WATER STORAGE CAPACITY OF RESERVOIRS IN SOUTHERN ITALY: ECONOMIC IMPLICANCES OF SEDIMENTATION,"Proceedings of the OECD Workshop on Agriculture and Water: Sustainability, Markets and Policies,Adelaide, Australia. 2005.",P. Albanesi,Italy,0.30%,
Assessment of current reservoir sedimentation rate and storage capacity loss: An Italian overview,Journal of Environmental Management,Mignano,Italy,0.29%,
LOSS OF WATER STORAGE CAPACITY OF RESERVOIRS IN SOUTHERN ITALY: ECONOMIC IMPLICANCES OF SEDIMENTATION,"Proceedings of the OECD Workshop on Agriculture and Water: Sustainability, Markets and Policies,Adelaide, Australia. 2005.",P.del Leone,Italy,0.29%,
LOSS OF WATER STORAGE CAPACITY OF RESERVOIRS IN SOUTHERN ITALY: ECONOMIC IMPLICANCES OF SEDIMENTATION,"Proceedings of the OECD Workshop on Agriculture and Water: Sustainability, Markets and Policies,Adelaide, Australia. 2005.",Piano della Rocca,Italy,0.29%,
Assessment of current reservoir sedimentation rate and storage capacity loss: An Italian overview,Journal of Environmental Management,Gangheri,Italy,0.28%,
LOSS OF WATER STORAGE CAPACITY OF RESERVOIRS IN SOUTHERN ITALY: ECONOMIC IMPLICANCES OF SEDIMENTATION,"Proceedings of the OECD Workshop on Agriculture and Water: Sustainability, Markets and Policies,Adelaide, Australia. 2005.",Pergusa,Italy,0.26%,
Assessment of current reservoir sedimentation rate and storage capacity loss: An Italian overview,Journal of Environmental Management,Talvacchia,Italy,0.26%,
LOSS OF WATER STORAGE CAPACITY OF RESERVOIRS IN SOUTHERN ITALY: ECONOMIC IMPLICANCES OF SEDIMENTATION,"Proceedings of the OECD Workshop on Agriculture and Water: Sustainability, Markets and Policies,Adelaide, Australia. 2005.",Paceco,Italy,0.25%,
LOSS OF WATER STORAGE CAPACITY OF RESERVOIRS IN SOUTHERN ITALY: ECONOMIC IMPLICANCES OF SEDIMENTATION,"Proceedings of the OECD Workshop on Agriculture and Water: Sustainability, Markets and Policies,Adelaide, Australia. 2005.",Nicoletti,Italy,0.24%,
LOSS OF WATER STORAGE CAPACITY OF RESERVOIRS IN SOUTHERN ITALY: ECONOMIC IMPLICANCES OF SEDIMENTATION,"Proceedings of the OECD Workshop on Agriculture and Water: Sustainability, Markets and Policies,Adelaide, Australia. 2005.",Bunnari Alta,Italy,0.23%,
LOSS OF WATER STORAGE CAPACITY OF RESERVOIRS IN SOUTHERN ITALY: ECONOMIC IMPLICANCES OF SEDIMENTATION,"Proceedings of the OECD Workshop on Agriculture and Water: Sustainability, Markets and Policies,Adelaide, Australia. 2005.",Cecita,Italy,0.23%,
Assessment of current reservoir sedimentation rate and storage capacity loss: An Italian overview,Journal of Environmental Management,Tistino,Italy,0.23%,
Assessment of current reservoir sedimentation rate and storage capacity loss: An Italian overview,Journal of Environmental Management,Santa Caterina,Italy,0.22%,
LOSS OF WATER STORAGE CAPACITY OF RESERVOIRS IN SOUTHERN ITALY: ECONOMIC IMPLICANCES OF SEDIMENTATION,"Proceedings of the OECD Workshop on Agriculture and Water: Sustainability, Markets and Policies,Adelaide, Australia. 2005.",Prizzi,Italy,0.22%,
LOSS OF WATER STORAGE CAPACITY OF RESERVOIRS IN SOUTHERN ITALY: ECONOMIC IMPLICANCES OF SEDIMENTATION,"Proceedings of the OECD Workshop on Agriculture and Water: Sustainability, Markets and Policies,Adelaide, Australia. 2005.",Ogliastro,Italy,0.21%,
LOSS OF WATER STORAGE CAPACITY OF RESERVOIRS IN SOUTHERN ITALY: ECONOMIC IMPLICANCES OF SEDIMENTATION,"Proceedings of the OECD Workshop on Agriculture and Water: Sustainability, Markets and Policies,Adelaide, Australia. 2005.",Rubino,Italy,0.21%,
LOSS OF WATER STORAGE CAPACITY OF RESERVOIRS IN SOUTHERN ITALY: ECONOMIC IMPLICANCES OF SEDIMENTATION,"Proceedings of the OECD Workshop on Agriculture and Water: Sustainability, Markets and Policies,Adelaide, Australia. 2005.",Scandarella,Italy,0.20%,
Assessment of current reservoir sedimentation rate and storage capacity loss: An Italian overview,Journal of Environmental Management,Prizzi,Italy,0.20%,
LOSS OF WATER STORAGE CAPACITY OF RESERVOIRS IN SOUTHERN ITALY: ECONOMIC IMPLICANCES OF SEDIMENTATION,"Proceedings of the OECD Workshop on Agriculture and Water: Sustainability, Markets and Policies,Adelaide, Australia. 2005.",Marsico Nuovo,Italy,0.20%,
LOSS OF WATER STORAGE CAPACITY OF RESERVOIRS IN SOUTHERN ITALY: ECONOMIC IMPLICANCES OF SEDIMENTATION,"Proceedings of the OECD Workshop on Agriculture and Water: Sustainability, Markets and Policies,Adelaide, Australia. 2005.",Fanaco,Italy,0.19%,
Assessment of current reservoir sedimentation rate and storage capacity loss: An Italian overview,Journal of Environmental Management,Mis,Italy,0.19%,
Assessment of current reservoir sedimentation rate and storage capacity loss: An Italian overview,Journal of Environmental Management,Corlo,Italy,0.19%,
LOSS OF WATER STORAGE CAPACITY OF RESERVOIRS IN SOUTHERN ITALY: ECONOMIC IMPLICANCES OF SEDIMENTATION,"Proceedings of the OECD Workshop on Agriculture and Water: Sustainability, Markets and Policies,Adelaide, Australia. 2005.",Pantano di Pign.,Italy,0.18%,
LOSS OF WATER STORAGE CAPACITY OF RESERVOIRS IN SOUTHERN ITALY: ECONOMIC IMPLICANCES OF SEDIMENTATION,"Proceedings of the OECD Workshop on Agriculture and Water: Sustainability, Markets and Policies,Adelaide, Australia. 2005.",Camastra,Italy,0.17%,
LOSS OF WATER STORAGE CAPACITY OF RESERVOIRS IN SOUTHERN ITALY: ECONOMIC IMPLICANCES OF SEDIMENTATION,"Proceedings of the OECD Workshop on Agriculture and Water: Sustainability, Markets and Policies,Adelaide, Australia. 2005.",Baratz,Italy,0.15%,
LOSS OF WATER STORAGE CAPACITY OF RESERVOIRS IN SOUTHERN ITALY: ECONOMIC IMPLICANCES OF SEDIMENTATION,"Proceedings of the OECD Workshop on Agriculture and Water: Sustainability, Markets and Policies,Adelaide, Australia. 2005.",Votturino,Italy,0.15%,
LOSS OF WATER STORAGE CAPACITY OF RESERVOIRS IN SOUTHERN ITALY: ECONOMIC IMPLICANCES OF SEDIMENTATION,"Proceedings of the OECD Workshop on Agriculture and Water: Sustainability, Markets and Policies,Adelaide, Australia. 2005.",Capacciotti,Italy,0.14%,
LOSS OF WATER STORAGE CAPACITY OF RESERVOIRS IN SOUTHERN ITALY: ECONOMIC IMPLICANCES OF SEDIMENTATION,"Proceedings of the OECD Workshop on Agriculture and Water: Sustainability, Markets and Policies,Adelaide, Australia. 2005.",Bidighinzu,Italy,0.13%,
Assessment of current reservoir sedimentation rate and storage capacity loss: An Italian overview,Journal of Environmental Management,Chiotas,Italy,0.13%,
Assessment of current reservoir sedimentation rate and storage capacity loss: An Italian overview,Journal of Environmental Management,San Domenico,Italy,0.12%,
Assessment of current reservoir sedimentation rate and storage capacity loss: An Italian overview,Journal of Environmental Management,Senaiga,Italy,0.12%,
LOSS OF WATER STORAGE CAPACITY OF RESERVOIRS IN SOUTHERN ITALY: ECONOMIC IMPLICANCES OF SEDIMENTATION,"Proceedings of the OECD Workshop on Agriculture and Water: Sustainability, Markets and Policies,Adelaide, Australia. 2005.",Sos Canales,Italy,0.12%,
LOSS OF WATER STORAGE CAPACITY OF RESERVOIRS IN SOUTHERN ITALY: ECONOMIC IMPLICANCES OF SEDIMENTATION,"Proceedings of the OECD Workshop on Agriculture and Water: Sustainability, Markets and Policies,Adelaide, Australia. 2005.",Gusana,Italy,0.11%,
LOSS OF WATER STORAGE CAPACITY OF RESERVOIRS IN SOUTHERN ITALY: ECONOMIC IMPLICANCES OF SEDIMENTATION,"Proceedings of the OECD Workshop on Agriculture and Water: Sustainability, Markets and Policies,Adelaide, Australia. 2005.",Simbirizzi,Italy,0.11%,
LOSS OF WATER STORAGE CAPACITY OF RESERVOIRS IN SOUTHERN ITALY: ECONOMIC IMPLICANCES OF SEDIMENTATION,"Proceedings of the OECD Workshop on Agriculture and Water: Sustainability, Markets and Policies,Adelaide, Australia. 2005.",Monteleone,Italy,0.10%,
Assessment of current reservoir sedimentation rate and storage capacity loss: An Italian overview,Journal of Environmental Management,Cavia,Italy,0.10%,
LOSS OF WATER STORAGE CAPACITY OF RESERVOIRS IN SOUTHERN ITALY: ECONOMIC IMPLICANCES OF SEDIMENTATION,"Proceedings of the OECD Workshop on Agriculture and Water: Sustainability, Markets and Policies,Adelaide, Australia. 2005.",Corongiu ?,Italy,0.10%,
LOSS OF WATER STORAGE CAPACITY OF RESERVOIRS IN SOUTHERN ITALY: ECONOMIC IMPLICANCES OF SEDIMENTATION,"Proceedings of the OECD Workshop on Agriculture and Water: Sustainability, Markets and Policies,Adelaide, Australia. 2005.",Omodeo,Italy,0.09%,
Assessment of current reservoir sedimentation rate and storage capacity loss: An Italian overview,Journal of Environmental Management,Malciaussia,Italy,0.09%,
LOSS OF WATER STORAGE CAPACITY OF RESERVOIRS IN SOUTHERN ITALY: ECONOMIC IMPLICANCES OF SEDIMENTATION,"Proceedings of the OECD Workshop on Agriculture and Water: Sustainability, Markets and Policies,Adelaide, Australia. 2005.",Cuga,Italy,0.09%,
LOSS OF WATER STORAGE CAPACITY OF RESERVOIRS IN SOUTHERN ITALY: ECONOMIC IMPLICANCES OF SEDIMENTATION,"Proceedings of the OECD Workshop on Agriculture and Water: Sustainability, Markets and Policies,Adelaide, Australia. 2005.",Torrei,Italy,0.08%,
LOSS OF WATER STORAGE CAPACITY OF RESERVOIRS IN SOUTHERN ITALY: ECONOMIC IMPLICANCES OF SEDIMENTATION,"Proceedings of the OECD Workshop on Agriculture and Water: Sustainability, Markets and Policies,Adelaide, Australia. 2005.",Coghinas,Italy,0.08%,
Assessment of current reservoir sedimentation rate and storage capacity loss: An Italian overview,Journal of Environmental Management,Campliccioli,Italy,0.08%,
LOSS OF WATER STORAGE CAPACITY OF RESERVOIRS IN SOUTHERN ITALY: ECONOMIC IMPLICANCES OF SEDIMENTATION,"Proceedings of the OECD Workshop on Agriculture and Water: Sustainability, Markets and Policies,Adelaide, Australia. 2005.",San Giuliano,Italy,0.07%,
LOSS OF WATER STORAGE CAPACITY OF RESERVOIRS IN SOUTHERN ITALY: ECONOMIC IMPLICANCES OF SEDIMENTATION,"Proceedings of the OECD Workshop on Agriculture and Water: Sustainability, Markets and Policies,Adelaide, Australia. 2005.",Casteldoria,Italy,0.07%,
Assessment of current reservoir sedimentation rate and storage capacity loss: An Italian overview,Journal of Environmental Management,Rochemolles,Italy,0.07%,
LOSS OF WATER STORAGE CAPACITY OF RESERVOIRS IN SOUTHERN ITALY: ECONOMIC IMPLICANCES OF SEDIMENTATION,"Proceedings of the OECD Workshop on Agriculture and Water: Sustainability, Markets and Policies,Adelaide, Australia. 2005.",Mulargia,Italy,0.07%,
LOSS OF WATER STORAGE CAPACITY OF RESERVOIRS IN SOUTHERN ITALY: ECONOMIC IMPLICANCES OF SEDIMENTATION,"Proceedings of the OECD Workshop on Agriculture and Water: Sustainability, Markets and Policies,Adelaide, Australia. 2005.",Bosa,Italy,0.07%,
LOSS OF WATER STORAGE CAPACITY OF RESERVOIRS IN SOUTHERN ITALY: ECONOMIC IMPLICANCES OF SEDIMENTATION,"Proceedings of the OECD Workshop on Agriculture and Water: Sustainability, Markets and Policies,Adelaide, Australia. 2005.",Pattada,Italy,0.06%,
LOSS OF WATER STORAGE CAPACITY OF RESERVOIRS IN SOUTHERN ITALY: ECONOMIC IMPLICANCES OF SEDIMENTATION,"Proceedings of the OECD Workshop on Agriculture and Water: Sustainability, Markets and Policies,Adelaide, Australia. 2005.",Monteponi,Italy,0.06%,
LOSS OF WATER STORAGE CAPACITY OF RESERVOIRS IN SOUTHERN ITALY: ECONOMIC IMPLICANCES OF SEDIMENTATION,"Proceedings of the OECD Workshop on Agriculture and Water: Sustainability, Markets and Policies,Adelaide, Australia. 2005.",Govossai,Italy,0.06%,
LOSS OF WATER STORAGE CAPACITY OF RESERVOIRS IN SOUTHERN ITALY: ECONOMIC IMPLICANCES OF SEDIMENTATION,"Proceedings of the OECD Workshop on Agriculture and Water: Sustainability, Markets and Policies,Adelaide, Australia. 2005.",Sant'Angelo,Italy,0.05%,
LOSS OF WATER STORAGE CAPACITY OF RESERVOIRS IN SOUTHERN ITALY: ECONOMIC IMPLICANCES OF SEDIMENTATION,"Proceedings of the OECD Workshop on Agriculture and Water: Sustainability, Markets and Policies,Adelaide, Australia. 2005.",Ancipa,Italy,0.05%,
LOSS OF WATER STORAGE CAPACITY OF RESERVOIRS IN SOUTHERN ITALY: ECONOMIC IMPLICANCES OF SEDIMENTATION,"Proceedings of the OECD Workshop on Agriculture and Water: Sustainability, Markets and Policies,Adelaide, Australia. 2005.",Bau Pressiu,Italy,0.04%,
LOSS OF WATER STORAGE CAPACITY OF RESERVOIRS IN SOUTHERN ITALY: ECONOMIC IMPLICANCES OF SEDIMENTATION,"Proceedings of the OECD Workshop on Agriculture and Water: Sustainability, Markets and Policies,Adelaide, Australia. 2005.",Arvo,Italy,0.04%,
LOSS OF WATER STORAGE CAPACITY OF RESERVOIRS IN SOUTHERN ITALY: ECONOMIC IMPLICANCES OF SEDIMENTATION,"Proceedings of the OECD Workshop on Agriculture and Water: Sustainability, Markets and Policies,Adelaide, Australia. 2005.",Gorgo,Italy,0.03%,
LOSS OF WATER STORAGE CAPACITY OF RESERVOIRS IN SOUTHERN ITALY: ECONOMIC IMPLICANCES OF SEDIMENTATION,"Proceedings of the OECD Workshop on Agriculture and Water: Sustainability, Markets and Policies,Adelaide, Australia. 2005.",M. Flumendosa,Italy,0.03%,
Assessment of current reservoir sedimentation rate and storage capacity loss: An Italian overview,Journal of Environmental Management,Ponte Cola,Italy,0.03%,
LOSS OF WATER STORAGE CAPACITY OF RESERVOIRS IN SOUTHERN ITALY: ECONOMIC IMPLICANCES OF SEDIMENTATION,"Proceedings of the OECD Workshop on Agriculture and Water: Sustainability, Markets and Policies,Adelaide, Australia. 2005.",Punta Gennarta,Italy,0.03%,
LOSS OF WATER STORAGE CAPACITY OF RESERVOIRS IN SOUTHERN ITALY: ECONOMIC IMPLICANCES OF SEDIMENTATION,"Proceedings of the OECD Workshop on Agriculture and Water: Sustainability, Markets and Policies,Adelaide, Australia. 2005.",Leni,Italy,0.03%,
LOSS OF WATER STORAGE CAPACITY OF RESERVOIRS IN SOUTHERN ITALY: ECONOMIC IMPLICANCES OF SEDIMENTATION,"Proceedings of the OECD Workshop on Agriculture and Water: Sustainability, Markets and Policies,Adelaide, Australia. 2005.",Ampollino,Italy,0.03%,
LOSS OF WATER STORAGE CAPACITY OF RESERVOIRS IN SOUTHERN ITALY: ECONOMIC IMPLICANCES OF SEDIMENTATION,"Proceedings of the OECD Workshop on Agriculture and Water: Sustainability, Markets and Policies,Adelaide, Australia. 2005.",Med. Zirimilis,Italy,0.02%,
LOSS OF WATER STORAGE CAPACITY OF RESERVOIRS IN SOUTHERN ITALY: ECONOMIC IMPLICANCES OF SEDIMENTATION,"Proceedings of the OECD Workshop on Agriculture and Water: Sustainability, Markets and Policies,Adelaide, Australia. 2005.",Montagn Spaccata,Italy,0.02%,
LOSS OF WATER STORAGE CAPACITY OF RESERVOIRS IN SOUTHERN ITALY: ECONOMIC IMPLICANCES OF SEDIMENTATION,"Proceedings of the OECD Workshop on Agriculture and Water: Sustainability, Markets and Policies,Adelaide, Australia. 2005.",Del Passante,Italy,0.02%,
LOSS OF WATER STORAGE CAPACITY OF RESERVOIRS IN SOUTHERN ITALY: ECONOMIC IMPLICANCES OF SEDIMENTATION,"Proceedings of the OECD Workshop on Agriculture and Water: Sustainability, Markets and Policies,Adelaide, Australia. 2005.",Carmine,Italy,0.02%,
LOSS OF WATER STORAGE CAPACITY OF RESERVOIRS IN SOUTHERN ITALY: ECONOMIC IMPLICANCES OF SEDIMENTATION,"Proceedings of the OECD Workshop on Agriculture and Water: Sustainability, Markets and Policies,Adelaide, Australia. 2005.",Posada,Italy,0.02%,
LOSS OF WATER STORAGE CAPACITY OF RESERVOIRS IN SOUTHERN ITALY: ECONOMIC IMPLICANCES OF SEDIMENTATION,"Proceedings of the OECD Workshop on Agriculture and Water: Sustainability, Markets and Policies,Adelaide, Australia. 2005.",Scanno,Italy,0.01%,
LOSS OF WATER STORAGE CAPACITY OF RESERVOIRS IN SOUTHERN ITALY: ECONOMIC IMPLICANCES OF SEDIMENTATION,"Proceedings of the OECD Workshop on Agriculture and Water: Sustainability, Markets and Policies,Adelaide, Australia. 2005.",Campotosto,Italy,0.01%,
LOSS OF WATER STORAGE CAPACITY OF RESERVOIRS IN SOUTHERN ITALY: ECONOMIC IMPLICANCES OF SEDIMENTATION,"Proceedings of the OECD Workshop on Agriculture and Water: Sustainability, Markets and Policies,Adelaide, Australia. 2005.",B. Muggeris,Italy,0.01%,
LOSS OF WATER STORAGE CAPACITY OF RESERVOIRS IN SOUTHERN ITALY: ECONOMIC IMPLICANCES OF SEDIMENTATION,"Proceedings of the OECD Workshop on Agriculture and Water: Sustainability, Markets and Policies,Adelaide, Australia. 2005.",Sangro,Italy,0.01%,
LOSS OF WATER STORAGE CAPACITY OF RESERVOIRS IN SOUTHERN ITALY: ECONOMIC IMPLICANCES OF SEDIMENTATION,"Proceedings of the OECD Workshop on Agriculture and Water: Sustainability, Markets and Policies,Adelaide, Australia. 2005.",Lentini,Italy,0.01%,
LOSS OF WATER STORAGE CAPACITY OF RESERVOIRS IN SOUTHERN ITALY: ECONOMIC IMPLICANCES OF SEDIMENTATION,"Proceedings of the OECD Workshop on Agriculture and Water: Sustainability, Markets and Policies,Adelaide, Australia. 2005.",Barrea,Italy,0.00%,
LOSS OF WATER STORAGE CAPACITY OF RESERVOIRS IN SOUTHERN ITALY: ECONOMIC IMPLICANCES OF SEDIMENTATION,"Proceedings of the OECD Workshop on Agriculture and Water: Sustainability, Markets and Policies,Adelaide, Australia. 2005.",Cast.S. Vincenzo,Italy,0.00%,
LOSS OF WATER STORAGE CAPACITY OF RESERVOIRS IN SOUTHERN ITALY: ECONOMIC IMPLICANCES OF SEDIMENTATION,"Proceedings of the OECD Workshop on Agriculture and Water: Sustainability, Markets and Policies,Adelaide, Australia. 2005.",Monticchio G.,Italy,0.00%,
Qualitative simulation of bathymetric changes due to reservoir sedimentation: A Japanese case study,PLoS ONE,Sakuma Dam,Japan ,0.59%,
"Drivers, Impacts and Mitigation of Increased Sedimentation in the Hydropower Reservoirs of East Africa",Land,,Kenya,1.45%,
"Assessment of Sedimentation Status of Ruiru Reservoir, Central Kenya",American Journal of Water Resources,Ruiru Reservoir,Kenya,0.17%,
"Sediment related impacts of climate change and reservoir development in the Lower Mekong River Basin: a case study of the Nam Ou Basin, Lao PDR",Climatic Change,Mekong River Basin,Lao PDR,0.25% ,
"Calculation of reservoir capacity loss due to sediment deposition in the `Muela reservoir, Northern Lesotho",INTERNATIONAL SOIL AND WATER CONSERVATION RESEARCH,`Muela Reservoir,Lesotho,1.22%,
"Dam Siltation in the Mediterranean Region Under Climate Change: A Case Study of Ahmed El Hansali Dam, Morocco",WATER,Ahmed El Hansali,Morocco,0.64%,
A review of sedimentation rates in freshwater reservoirs: recent changes and causative factors,Aquatic Sciences,,Morocco,0.32%,
The Impact of Suspended Sediment Load on Reservoir Siltation and Energy Production: a Case Study of the Indus River and Its Tributaries,Pol. J. Environ. Stud.,Tarbela Reservoir,Pakistan,0.83%,
A review of sedimentation rates in freshwater reservoirs: recent changes and causative factors,Aquatic Sciences,,Pakistan,0.54%,
Sediments deposition due to soil erosion in the watershed region of Mangla Dam,ENVIRONMENTAL MONITORING AND ASSESSMENT,Mangla dam,Pakistan,0.48%,
Modeling and Monitoring of Drawdown Flushing and Dredging Toward Sustainable Sluicing in a Wide Philippine Reservoir,Water,Pulangi IV hydropower plant,Philippines,2.24%,
Estimating the annual sediment yield of a small agricultural catchment in central Poland,EROSION AND SEDIMENT YIELDS IN THE CHANGING ENVIRONMENT,???????????,Poland,0.45%,
A review of sedimentation rates in freshwater reservoirs: recent changes and causative factors,Aquatic Sciences,,Poland,0.38%,
Sedimentation assessment and effects in Venda Nova dam reservoir (Portugal),SCIENCE OF THE TOTAL ENVIRONMENT,Amiar?Venda Nova Reservoir?,Portugal,1.66%,78.20%
A review of sedimentation rates in freshwater reservoirs: recent changes and causative factors,Aquatic Sciences,,Republic of Korea,0.44%,
"Dams, sediment sources and reservoir silting in Romania",Geomorphology,Pite?ti,Romania,14.17%,
"Dams, sediment sources and reservoir silting in Romania",Geomorphology,Bascov,Romania,13.29%,
"Dams, sediment sources and reservoir silting in Romania",Geomorphology,Govora,Romania,9.00%,
"Dams, sediment sources and reservoir silting in Romania",Geomorphology,Curtea de Arge?,Romania,6.77%,
"Dams, sediment sources and reservoir silting in Romania",Geomorphology,Cerbureni,Romania,6.18%,
"Dams, sediment sources and reservoir silting in Romania",Geomorphology,R. V?lcea,Romania,5.63%,
"Dams, sediment sources and reservoir silting in Romania",Geomorphology,Galbeni,Romania,4.97%,
"Dams, sediment sources and reservoir silting in Romania",Geomorphology,D?e?ti,Romania,4.89%,
"Dams, sediment sources and reservoir silting in Romania",Geomorphology,G?iceana,Romania,3.77%,
"Dams, sediment sources and reservoir silting in Romania",Geomorphology,Antohe?ti,Romania,3.72%,
"Dams, sediment sources and reservoir silting in Romania",Geomorphology,Fitiche?ti,Romania,3.29%,
"Dams, sediment sources and reservoir silting in Romania",Geomorphology,Oie?ti,Romania,3.22%,
"Dams, sediment sources and reservoir silting in Romania",Geomorphology,Pod Iloaiei,Romania,2.94%,
"Dams, sediment sources and reservoir silting in Romania",Geomorphology,Pucioasa,Romania,2.58%,
"Dams, sediment sources and reservoir silting in Romania",Geomorphology,Pu?ca?i,Romania,2.49%,
"Dams, sediment sources and reservoir silting in Romania",Geomorphology,Racova,Romania,2.4%,
"Dams, sediment sources and reservoir silting in Romania",Geomorphology,Cuibul Vulturilor,Romania,2.33%,
"Dams, sediment sources and reservoir silting in Romania",Geomorphology,Pîng?ra?i,Romania,2.09%,
"Dams, sediment sources and reservoir silting in Romania",Geomorphology,Belci,Romania,1.85%,
"Dams, sediment sources and reservoir silting in Romania",Geomorphology,Zigoneni,Romania,1.82%,
"Dams, sediment sources and reservoir silting in Romania",Geomorphology,Aroneanu,Romania,1.82%,
"Dams, sediment sources and reservoir silting in Romania",Geomorphology,Bucecea,Romania,1.79%,
"Dams, sediment sources and reservoir silting in Romania",Geomorphology,Rîureni,Romania,1.75%,
"Dams, sediment sources and reservoir silting in Romania",Geomorphology,B?beni,Romania,1.66%,
"Dams, sediment sources and reservoir silting in Romania",Geomorphology,Rîpa Albastr?,Romania,1.51%,
"Dams, sediment sources and reservoir silting in Romania",Geomorphology,Gîrleni,Romania,1.49%,
"Dams, sediment sources and reservoir silting in Romania",Geomorphology,Bîtca Doamnei,Romania,1.13%,
"Dams, sediment sources and reservoir silting in Romania",Geomorphology,Ez?reni,Romania,1.13%,
"Dams, sediment sources and reservoir silting in Romania",Geomorphology,Budeasa,Romania,1.04%,
"Dams, sediment sources and reservoir silting in Romania",Geomorphology,Bac?u,Romania,0.92%,
"Dams, sediment sources and reservoir silting in Romania",Geomorphology,Vîlcele,Romania,0.77%,
"Dams, sediment sources and reservoir silting in Romania",Geomorphology,Vaduri,Romania,0.71%,
"Dams, sediment sources and reservoir silting in Romania",Geomorphology,Str?je?ti,Romania,0.64%,
"Dams, sediment sources and reservoir silting in Romania",Geomorphology,Lilieci,Romania,0.63%,
"Dams, sediment sources and reservoir silting in Romania",Geomorphology,Cucuteni,Romania,0.54%,
"Dams, sediment sources and reservoir silting in Romania",Geomorphology,S?cele,Romania,0.50%,
"Dams, sediment sources and reservoir silting in Romania",Geomorphology,Piatra N.,Romania,0.43%,
"Dams, sediment sources and reservoir silting in Romania",Geomorphology,Ciube?ti,Romania,0.43%,
"Dams, sediment sources and reservoir silting in Romania",Geomorphology,Ione?ti,Romania,0.42%,
"Dams, sediment sources and reservoir silting in Romania",Geomorphology,Zavideni,Romania,0.36%,
"Dams, sediment sources and reservoir silting in Romania",Geomorphology,Golesti,Romania,0.33%,
"Dams, sediment sources and reservoir silting in Romania",Geomorphology,Stanca,Romania,0.31%,
"Dams, sediment sources and reservoir silting in Romania",Geomorphology,Surduc,Romania,0.27%,
"Dams, sediment sources and reservoir silting in Romania",Geomorphology,Poiana Uzului,Romania,0.26%,
"Dams, sediment sources and reservoir silting in Romania",Geomorphology,Paltinu,Romania,0.24%,
"Dams, sediment sources and reservoir silting in Romania",Geomorphology,Dragasani,Romania,0.21%,
"Dams, sediment sources and reservoir silting in Romania",Geomorphology,Cinci?,Romania,0.17%,
"Dams, sediment sources and reservoir silting in Romania",Geomorphology,Solesti,Romania,0.10%,
"Dams, sediment sources and reservoir silting in Romania",Geomorphology,Lesu,Romania,0.06%,
"Dams, sediment sources and reservoir silting in Romania",Geomorphology,Iz. Muntelui,Romania,0.05%,
"Dams, sediment sources and reservoir silting in Romania",Geomorphology,Vidraru,Romania,0.04%,
Exploring soil erosion and reservoir sedimentation through the RUSLE model and bathymetric survey,INTERNATIONAL SOIL AND WATER CONSERVATION RESEARCH,Iron Gates I Reservoir,Romania,0.04%,
Reservoir Sedimentation as a Consequence of Land Use in the Catchment,REVISTA DE CHIMIE,Velika Dicina,Serbia,0.12%,
A Joint Sedimentation-Flood Retention Assessment of a Small Water Reservoir in Slovakia: A New Hope for Old Reservoirs?,Geosciences,,Slovakia ,0.23%,
Modelling the impact of climate change on sediment yield in a highly erodible Mediterranean catchment,JOURNAL OF SOILS AND SEDIMENTS,Barasona,Spain,0.53%,5.57%
A review of sedimentation rates in freshwater reservoirs: recent changes and causative factors,Aquatic Sciences,,Spain,0.52%,
Use of Drones for the Topo-Bathymetric Monitoring of the Reservoirs of the Segura River Basin,Water,Cárcabo,Spain,0.49%,
Use of Drones for the Topo-Bathymetric Monitoring of the Reservoirs of the Segura River Basin,Water,Puentes,Spain,0.45%,
Use of Drones for the Topo-Bathymetric Monitoring of the Reservoirs of the Segura River Basin,Water,Valdeinfierno,Spain,0.34%,
Reservoir sedimentation impact downstream in a semi-arid basin with greenhouses cultivation,NINTH INTERNATIONAL CONFERENCE ON FLUVIAL HYDRAULICS (RIVER FLOW 2018),Beninar,Spain,0.31%,
Use of Drones for the Topo-Bathymetric Monitoring of the Reservoirs of the Segura River Basin,Water,Alfonso XIII,Spain,0.31%,
Use of Drones for the Topo-Bathymetric Monitoring of the Reservoirs of the Segura River Basin,Water,Santomera,Spain,0.30%,
A review of sedimentation rates in freshwater reservoirs: recent changes and causative factors,Aquatic Sciences,,Spain,0.17%,
Controlling Sedimentation through Regulating the River by Thalpitigala Reservoir Project,"RIVER BASIN DISASTER RESILIENCE AND SUSTAINABILITY BY ALL, ICFM 9, 2023",Thalpitigala Reservoir,Sri Lanka ,2.29%,
"Drivers, Impacts and Mitigation of Increased Sedimentation in the Hydropower Reservoirs of East Africa",Land,,Sudan,2.66%,
"Evaluating the impacts of sedimentation and water balance computations on reservoir operation, a case study of Girba Dam-Atbara River",Nile Basin Water Sci. Eng. J,Girba Reservoir,Sudan,1.33%,
Multidecadal Sediment Balance Modelling of a Cascade of Alpine Reservoirs and Perspectives Based on Climate Warming,Water,Räterichsboden,Switzerland,0.10%,
"Effect of reservoir management on the efficiency of a sediment bypass tunnel: Case study of Solis Reservoir, Switzerland",INTERNATIONAL JOURNAL OF SEDIMENT RESEARCH,Solis Reservoir,Switzerland,0.09%,
Multidecadal Sediment Balance Modelling of a Cascade of Alpine Reservoirs and Perspectives Based on Climate Warming,Water,Grimsel,Switzerland,0.08%,
Multidecadal Sediment Balance Modelling of a Cascade of Alpine Reservoirs and Perspectives Based on Climate Warming,Water,Oberaar,Switzerland,0.04%,
"Drivers, Impacts and Mitigation of Increased Sedimentation in the Hydropower Reservoirs of East Africa",Land,,Tanzania,3.27%,
A review of sedimentation rates in freshwater reservoirs: recent changes and causative factors,Aquatic Sciences,,Turkey,0.70%,
A review of sedimentation rates in freshwater reservoirs: recent changes and causative factors,Aquatic Sciences,,Turkey,0.68%,
Determination of sediment deposition of Hasanlar Dam using bathymetric and remote sensing studies,Natural Hazards,Hasanlar Dam reservoir,Turkey,0.65%,
A review of sedimentation rates in freshwater reservoirs: recent changes and causative factors,Aquatic Sciences,,Turkey,0.65%,
A review of sedimentation rates in freshwater reservoirs: recent changes and causative factors,Aquatic Sciences,,Turkey,0.63%,
A review of sedimentation rates in freshwater reservoirs: recent changes and causative factors,Aquatic Sciences,,Turkey,0.63%,
AN ANALYSIS OF BATHYMETRIC CHANGES IN ALTINAPA RESERVOIR,carpathian Journal of Earth and Environmental Sciences,ALTINAPA RESERVOIR,Turkey,0.44%,
A review of sedimentation rates in freshwater reservoirs: recent changes and causative factors,Aquatic Sciences,,Uganda,3.93%,
"The character, volume and implications of sediment impounded in mill dams in Scotland: the case of the Baldernock Mill dam in East Dunbartonshire",EARTH AND ENVIRONMENTAL SCIENCE TRANSACTIONS OF THE ROYAL SOCIETY OF EDINBURGH,Baldernock Mill dam,UK,0.21%,
Sedimentation and sustainability of western American reservoirs,WATER RESOURCES RESEARCH,Pomme de Terre,USA,2.90%,
Sedimentation and sustainability of western American reservoirs,WATER RESOURCES RESEARCH,Stockton,USA,2.20%,
Sustaining United States reservoir storage capacity: Need for a new paradigm,Journal of Hydrology,,USA,2.00%,
Sedimentation and sustainability of western American reservoirs,WATER RESOURCES RESEARCH,Hillsdale,USA,1.50%,
Sedimentation and sustainability of western American reservoirs,WATER RESOURCES RESEARCH,Melvern,USA,1.20%,
Sedimentation and sustainability of western American reservoirs,WATER RESOURCES RESEARCH,Long Branch,USA,1.20%,
Numerical modeling of sediment flushing from Lewis and Clark Lake,Numerical modeling of sediment flushing from Lewis and Clark Lake,Lewis and Clark Lake,USA,1.17%,
A review of sedimentation rates in freshwater reservoirs: recent changes and causative factors,Aquatic Sciences,,USA,1.14%,
Sedimentation and sustainability of western American reservoirs,WATER RESOURCES RESEARCH,Wilson,USA,1.10%,
Sustaining United States reservoir storage capacity: Need for a new paradigm,Journal of Hydrology,,USA,1.00%,
Sedimentation and sustainability of western American reservoirs,WATER RESOURCES RESEARCH,Milford Lake,USA,1.00%,
Sedimentation and sustainability of western American reservoirs,WATER RESOURCES RESEARCH,Perry,USA,1.00%,
Sedimentation and sustainability of western American reservoirs,WATER RESOURCES RESEARCH,Pomona,USA,0.90%,
A Study of the Sedimentation and Storage Capacity Depletion of a Reservoir,SLOVAK JOURNAL OF CIVIL ENGINEERING,Tuttle Creek,USA,0.89%,
A Study of the Sedimentation and Storage Capacity Depletion of a Reservoir,SLOVAK JOURNAL OF CIVIL ENGINEERING,Toronto,USA,0.80%,
Sedimentation and sustainability of western American reservoirs,WATER RESOURCES RESEARCH,Clinton,USA,0.80%,
A Study of the Sedimentation and Storage Capacity Depletion of a Reservoir,SLOVAK JOURNAL OF CIVIL ENGINEERING,John Redmond,USA,0.76%,
Sedimentation and sustainability of western American reservoirs,WATER RESOURCES RESEARCH,Harry S Truman,USA,0.70%,
Sedimentation and sustainability of western American reservoirs,WATER RESOURCES RESEARCH,Smithville,USA,0.70%,
A Study of the Sedimentation and Storage Capacity Depletion of a Reservoir,SLOVAK JOURNAL OF CIVIL ENGINEERING,Kanopolis,USA,0.55%,
A review of sedimentation rates in freshwater reservoirs: recent changes and causative factors,Aquatic Sciences,,USA,0.55%,
Sustaining United States reservoir storage capacity: Need for a new paradigm,Journal of Hydrology,,USA,0.50%,
A review of sedimentation rates in freshwater reservoirs: recent changes and causative factors,Aquatic Sciences,,USA,0.49%,
Sustaining United States reservoir storage capacity: Need for a new paradigm,Journal of Hydrology,,USA,0.40%,
Sedimentation and sustainability of western American reservoirs,WATER RESOURCES RESEARCH,Gavins Point,USA,0.40%,
Examining Storage Capacity Loss and Sedimentation Rate of Large Reservoirs in the Central U.S. Great Plains,Water,Kansas,USA,0.33%,
Sedimentation and sustainability of western American reservoirs,WATER RESOURCES RESEARCH,Harlan Country,USA,0.30%,
Sedimentation and sustainability of western American reservoirs,WATER RESOURCES RESEARCH,Fort Randall,USA,0.30%,
Sedimentation and sustainability of western American reservoirs,WATER RESOURCES RESEARCH,Big Bend,USA,0.30%,
A review of sedimentation rates in freshwater reservoirs: recent changes and causative factors,Aquatic Sciences,,USA,0.26%,
A review of sedimentation rates in freshwater reservoirs: recent changes and causative factors,Aquatic Sciences,,USA,0.25%,
Sustaining United States reservoir storage capacity: Need for a new paradigm,Journal of Hydrology,,USA,0.20%,
Sedimentation and sustainability of western American reservoirs,WATER RESOURCES RESEARCH,Tuttle Creek,USA,0.20%,
Sedimentation and sustainability of western American reservoirs,WATER RESOURCES RESEARCH,Kanopolis,USA,0.20%,
A Study of the Sedimentation and Storage Capacity Depletion of a Reservoir,SLOVAK JOURNAL OF CIVIL ENGINEERING,Cheney,USA,0.12%,
Sustaining United States reservoir storage capacity: Need for a new paradigm,Journal of Hydrology,,USA,0.10%,
Sedimentation and sustainability of western American reservoirs,WATER RESOURCES RESEARCH,Oahe,USA,0.10%,
Sedimentation and sustainability of western American reservoirs,WATER RESOURCES RESEARCH,Garrison,USA,0.10%,
Sedimentation and sustainability of western American reservoirs,WATER RESOURCES RESEARCH,Fort Peck,USA,0.10%,
"Texture, spatial distribution, and rate of reservoir sedimentation within a highly erosive, cultivated watershed: Grenada Lake, Mississippi - art. no. W01005",WATER RESOURCES RESEARCH,Grenada Lake,USA,0.06%,
A review of sedimentation rates in freshwater reservoirs: recent changes and causative factors,Aquatic Sciences,,USA,0.06%,
"Assessing sediment-induced storage capacity loss in the Hisorak Reservoir, Uzbekistan",Watershed Ecology and the Environment,Hisorak Reservoir,Uzbekistan,0.55 %,
Understanding sedimentation process in the Makoye reservoir of Southern Zambia,Journal of Geography and Earth Sciences,Makoye reservoir,Zambia,2.23%,
Estimation of small reservoir sedimentation in semi-arid Southern Zimbabwe,Journal of Water Resource and Protection,Mutangi reservoir,Zimbabwe,3.08%,
Estimation of Reservoir Capacity and Sedimentation Rate Using Direct and Indirect Methods,International Journal of Earth Science and Geophysics,Chesa dam,Zimbabwe,2.70%,
